{
  "images" : [
    {
      "idiom" : "universal",
      "filename" : "201-2017779_rik-duck-hunt-nintendo-sprite-clipart-1.png",
      "scale" : "1x"
    },
    {
      "idiom" : "universal",
      "filename" : "201-2017779_rik-duck-hunt-nintendo-sprite-clipart-2.png",
      "scale" : "2x"
    },
    {
      "idiom" : "universal",
      "filename" : "201-2017779_rik-duck-hunt-nintendo-sprite-clipart-3.png",
      "scale" : "3x"
    }
  ],
  "info" : {
    "version" : 1,
    "author" : "xcode"
  }
}